,CN_焦煤,CN_螺纹钢,CN_PMI,CN_PPI同比,CN_用电量同比,CN_工业增加值同比,CN_固定资产投资同比,CN_房地产开发,CN_社融同比,CN_LPR1Y
1998-02-01,,,,,,,,0.39553753,,
1998-03-01,,,,,,,,0.06061218,,
1998-04-01,,,,,,,,1.77688036,,
1998-05-01,,,,,,,,0.86300962,,
1998-06-01,,,,,,,,1.23918175,,
1998-07-01,,,,,,,,0.78686614,,
1998-08-01,,,,,,,,0.18313253,,
1998-09-01,,,,,,,,-0.47142582,,
1998-10-01,,,,,,,,0.15466409,,
1998-11-01,,,,,,,,0.10616736,,
1998-12-01,,,,,,,,-0.08677208,,
1999-01-01,,,,,,,,1.12901669,,
1999-02-01,,,,,,,,0.07633588,,
1999-03-01,,,,,,,,-0.46720061,,
1999-04-01,,,,,,,,-0.47897308,,
1999-05-01,,,,,,,,-0.5871595,,
1999-06-01,,,,,,,,-1.03601859,,
1999-07-01,,,,,,,,-0.5478916,,
1999-08-01,,,,,,,,-0.35415642,,
1999-09-01,,,,,,,,-0.36528779,,
1999-10-01,,,,,,,,-0.04954419,,
1999-11-01,,,,,,,,0.23793001,,
1999-12-01,,,,,,,,0.34615765,,
2000-01-01,,,,,,,,0.76877587,,
2000-02-01,,,,,,,,0.32276995,,
2000-03-01,,,,,,,,-0.73120796,,
2000-04-01,,,,,,,,0.02946376,,
2000-05-01,,,,,,,,0.34364261,,
2000-06-01,,,,,,,,0.47945205,,
2000-07-01,,,,,,,,0.24345116,,
2000-08-01,,,,,,,,0.36914708,,
2000-09-01,,,,,,,,0.19357336,,
2000-10-01,,,,,,,,-0.08693972,,
2000-11-01,,,,,,,,0.24170937,,
2000-12-01,,,,,,,,0.30864198,,
2001-01-01,,,,,,,,1.17307692,,
2001-02-01,,,,,,,,-0.19007793,,
2001-03-01,,,,,,,,1.07598553,,
2001-04-01,,,,,,,,0.68770608,,
2001-05-01,,,,,,,,-0.34618263,,
2001-06-01,,,,,,,,-0.46943949,,
2001-07-01,,,,,,,,0.40562211,,
2001-08-01,,,,,,,,-0.07515971,,
2001-09-01,,,,,,,,-0.47950357,,
2001-10-01,,,,,,,,-0.20784128,,
2001-11-01,,,,,,,,-0.5017514,,
2001-12-01,,,,,,,,0.16175071,,
2002-01-01,,,,,,,,-1.29191603,,
2002-02-01,,,,,,,,-0.36570109,,
2002-03-01,,,,,,,,0.32840722,,
2002-04-01,,,,,,,,0.70280158,,
2002-05-01,,,,,,,,-0.21988528,,
2002-06-01,,,,,,,,0.26827632,,
2002-07-01,,,,,,,,-0.34400382,,
2002-08-01,,,,,,,,0.163007,,
2002-09-01,,,,,,,,0.48822516,,
2002-10-01,,,,,,,,0.17147757,,
2002-11-01,,,,,,,,-0.23775559,,
2002-12-01,,,,,,,,-0.68636797,,
2003-01-01,,,,,,,,4.52102131,,
2003-02-01,,,,,,,,0.23050785,,
2003-03-01,,,,,,,,-1.65290771,,
2003-04-01,,,,,,,,-0.41737705,,
2003-05-01,,,,,,,,-0.56694328,,
2003-06-01,,,,,,,,0.71224937,,
2003-07-01,,,,,,,,0.21393871,,
2003-08-01,,,,,,,,-0.35797854,,
2003-09-01,,,,,,,,-0.22079805,,
2003-10-01,,,,,,,,0.01969076,,
2003-11-01,,,,,,,,-0.23530515,,
2003-12-01,,,,,,,,-0.17384114,,
2004-01-01,,,,,,,,0.33510929,,
2004-02-01,,,,,,,,1.00478469,,
2004-03-01,,,,,0.41000000000000014,,,-1.353322,,
2004-04-01,,,,,,,,-0.40676434,,
2004-05-01,,,,,,,,0.13803275,,
2004-06-01,,,,,,,,-0.69393304,,
2004-07-01,,,,,,,,0.05989561,,
2004-08-01,,,,,,,,-0.08266347,,
2004-09-01,,,,,-0.7799999999999994,,,-0.3157124,,
2004-10-01,,,,,0.25,,,0.04292787,,
2004-11-01,,,,,-0.03999999999999915,,,0.20310474,,
2004-12-01,,,,,,,,0.2245801,,
2005-01-01,,,,,,,,-2.08980165,,
2005-02-01,,,,,-2.120000000000001,,,-0.39662529,,
2005-03-01,,,,,0.370000000000001,,,-0.27163595,,
2005-04-01,,,,,0.08000000000000007,,,-0.16401125,,
2005-05-01,,,,,0.5199999999999996,,,-0.09094109,,
2005-06-01,,,,,-0.07000000000000028,,,-0.08515136,,
2005-07-01,,,,,,,,-0.10873398,,
2005-08-01,,,,,0.20999999999999908,,,-0.20691752,,
2005-09-01,,,,,-0.16999999999999993,,,-0.33313025,,
2005-10-01,,,,,-0.1999999999999993,,,-0.40030368,,
2005-11-01,,,,,-0.5600000000000005,,,-0.32766762,,
2005-12-01,,,,,,,,-0.07746857,,
2006-01-01,,,,,,,,0.15108142,,
2006-02-01,,,,-0.040000000000000036,-1.4900000000000002,,,0.28682017,,
2006-03-01,,,,-0.5199999999999996,0.11000000000000121,,,0.40376451,,
2006-04-01,,,,-0.6200000000000001,0.5199999999999996,,,0.1508028,,
2006-05-01,,,,0.56,0.20999999999999908,,,0.25588033,,
2006-06-01,,,,1.0899999999999999,0.3500000000000014,,,1.04054187,,
2006-07-01,,,,0.06000000000000005,0.3699999999999992,,,0.56348975,,
2006-08-01,,,,-0.18000000000000016,0.45000000000000107,,,-0.19321805,,
2006-09-01,,,,0.050000000000000266,-0.010000000000001563,,,-0.16455329,,
2006-10-01,,,,-0.5500000000000003,0.3500000000000014,,,0.25208455,,
2006-11-01,,,,-0.1200000000000001,0.09999999999999964,,,0.50290135,,
2006-12-01,,,,0.27,-0.15000000000000036,,,-0.92378753,,
2007-01-01,,,,0.25,,,,-0.52447552,,
2007-02-01,,,,-0.6999999999999997,2.75,,,-0.62487795,,
2007-03-01,,,,0.04999999999999982,-1.83,,,-0.55020633,,
2007-04-01,,,,0.2200000000000002,0.5500000000000007,,,1.41276428,,
2007-05-01,,,,-0.11000000000000032,0.35999999999999943,,,0.65270336,,
2007-06-01,,,,-0.2699999999999996,-0.2699999999999996,,,0.30003871,,
2007-07-01,,,,-0.10000000000000009,0.11999999999999922,,,0.35703947,,
2007-08-01,,,,0.16999999999999993,-0.4800000000000004,,,0.46153846,,
2007-09-01,,,,0.1499999999999999,-0.08000000000000007,,,0.4881317,,
2007-10-01,,,,0.5,-0.11999999999999922,,,0.71435375,,
2007-11-01,,,,1.3399999999999999,-0.0600000000000005,,,0.80385852,,
2007-12-01,,,,0.8799999999999999,-0.5199999999999996,,,-0.1313444,,
2008-01-01,,,,0.6400000000000006,,,,-0.31939878,,
2008-02-01,,,0.3999999999999986,0.5499999999999998,-2.49,,,-0.52775422,,
2008-03-01,,,5.0,1.33,1.1099999999999994,2.4000000000000004,,-0.78635718,,
2008-04-01,,,0.8000000000000043,0.16999999999999904,-0.3299999999999983,-2.1000000000000014,,-0.62070283,,
2008-05-01,,,-5.900000000000006,0.10000000000000142,-0.2900000000000009,0.3000000000000007,,-0.70145095,,
2008-06-01,,,-1.2999999999999972,0.6199999999999992,-0.75,0.0,,-0.25159667,,
2008-07-01,,,-3.6000000000000014,1.1899999999999995,-0.7599999999999998,-1.3000000000000007,,-0.69848661,,
2008-08-01,,,0.0,0.030000000000001137,-0.7200000000000006,-1.8999999999999986,,-0.56662759,,
2008-09-01,,,2.8000000000000043,-0.9299999999999997,-0.5199999999999996,-1.4000000000000004,,-0.61898212,,
2008-10-01,,,-6.600000000000001,-2.540000000000001,-1.4000000000000004,-3.200000000000001,,-1.4532872,,
2008-11-01,,,-5.800000000000004,-4.6,-1.5999999999999996,-2.799999999999999,,-1.22391653,,
2008-12-01,,,2.4000000000000057,-3.13,-1.4399999999999995,0.2999999999999998,,-2.03128174,,
2009-01-01,,,4.099999999999994,-2.21,,,,,,
2009-02-01,,,3.700000000000003,-1.1199999999999997,-10.45,5.3,,-1.65871864,,
2009-03-01,,,3.3999999999999986,-1.5200000000000005,1.2000000000000002,-2.6999999999999993,,-0.12650221,,
2009-04-01,,0.0011270780501548838,1.1000000000000014,-0.6099999999999994,-0.010000000000000675,-1.0000000000000009,,0.02111041,,
2009-05-01,,0.016042780748663166,-0.3999999999999986,-0.6000000000000005,0.3700000000000001,1.6000000000000005,,1.24525116,,
2009-06-01,,0.05983379501385033,0.10000000000000142,-0.5999999999999996,1.42,1.799999999999999,,0.63581405,,
2009-07-01,,0.20935703084160995,0.09999999999999432,-0.4200000000000008,1.35,0.10000000000000142,,1.51216986,,
2009-08-01,,-0.10957423816727907,0.7000000000000028,0.3600000000000003,1.25,1.5,,2.11202938,,
2009-09-01,,-0.09344660194174759,0.29999999999999716,0.8700000000000001,1.04,1.5999999999999996,,0.99920064,,
2009-10-01,,0.03748326639892907,0.9000000000000057,1.1400000000000006,1.3900000000000001,2.200000000000001,,0.93984962,,
2009-11-01,,0.12903225806451624,0.0,3.7699999999999996,1.9799999999999995,3.099999999999998,,0.73507792,,
2009-12-01,,0.031085714285714383,1.3999999999999986,3.7800000000000002,1.1900000000000004,-0.6999999999999993,,0.8561977,,
2010-01-01,,-0.04677455109731765,-0.8000000000000043,2.62,34.18,,,,,
2010-02-01,,-0.020000000000000018,-3.799999999999997,1.0699999999999994,-14.190000000000001,-5.699999999999999,,1.746093,,
2010-03-01,,0.12838158519221632,3.1000000000000014,0.5200000000000005,-1.759999999999998,5.300000000000001,,0.3982175,,
2010-04-01,,-0.025236593059936863,0.6000000000000014,0.8999999999999995,-0.33999999999999986,-0.3000000000000007,,-0.21720654,,
2010-05-01,,-0.09061488673139162,-1.8000000000000043,0.3200000000000003,-0.5400000000000027,-1.3000000000000007,,-0.55839485,,
2010-06-01,,-0.054567022538552834,-1.7999999999999972,-0.7199999999999998,-1.7399999999999984,-2.8000000000000007,,-0.00951746,,
2010-07-01,,0.07528230865746544,-0.8999999999999986,-1.5700000000000003,-1.3200000000000003,-0.29999999999999893,,-0.3236246,,
2010-08-01,,0.0063010501750291326,0.5,-0.5199999999999996,-0.9100000000000001,0.5,,-0.58250573,,
2010-09-01,,-0.011363636363636354,2.0999999999999943,0.009999999999999787,-1.2899999999999991,-0.5999999999999996,,-0.56670829,,
2010-10-01,,0.05676753460004691,0.9000000000000057,0.71,,-0.20000000000000107,,0.04829985,,
2010-11-01,,0.028634850166481707,0.5,1.0199999999999996,,0.20000000000000107,,-0.35724631,,
2010-12-01,,0.03841173931808384,-1.3000000000000043,-0.1299999999999999,-3.49,0.1999999999999993,,-1.36627907,,
2011-01-01,,0.05985037406483795,-1.0,0.7136000000000005,,,,,,
2011-02-01,,-0.03941176470588237,-0.6999999999999957,0.5885999999999996,-2.24,1.4000000000000004,,1.0904804,,
2011-03-01,,-0.02143294549908148,1.1999999999999957,0.07589999999999986,1.0899999999999999,-0.09999999999999964,,0.07725948,,
2011-04-01,,0.025239883187317513,-0.5,-0.48709999999999987,-2.1799999999999997,-1.4000000000000004,,0.20440962,,
2011-05-01,,-0.008138351983723258,-0.8999999999999986,-0.03589999999999982,-0.4400000000000013,-0.09999999999999964,,0.00969086,,
2011-06-01,,-0.025025641025640977,-1.1000000000000014,0.3357999999999999,2.210000000000001,1.799999999999999,,-1.40503876,,
2011-07-01,,0.03492531033031776,-0.19999999999999574,0.42079999999999984,-1.1899999999999995,-1.0999999999999996,,-0.24570025,,
2011-08-01,,-0.017889815003049425,0.19999999999999574,-0.28889999999999993,-2.7200000000000006,-0.5,,-0.37438424,,
2011-09-01,,-0.10184226868143242,0.30000000000000426,-0.7300999999999993,2.8599999999999994,0.3000000000000007,,-0.70213608,,
2011-10-01,,-0.049781055542751806,-0.8000000000000043,-1.5189000000000004,-0.08000000000000007,-0.6000000000000014,,-0.13942834,,
2011-11-01,,-0.011642008246422475,-1.3999999999999986,-2.2859,-0.019999999999999574,-0.7999999999999989,,-0.39892291,,
2011-12-01,,0.03312883435582825,1.2999999999999972,-1.0325000000000002,-0.10999999999999943,0.40000000000000036,,-0.98127566,,
2012-01-01,,0.020665083135391837,0.20000000000000284,-0.9507,,,,,,
2012-02-01,,-0.0004654410053526181,0.5,-0.7063,-5.08,8.5,,-1.01122459,,
2012-03-01,,0.006752037252619303,2.1000000000000014,-0.3455,0.13999999999999968,-9.4,,-0.99090816,,
2012-04-01,,-0.012719703977798313,0.19999999999999574,-0.38130000000000003,-0.7999999999999998,-2.5999999999999996,,-1.34131242,,
2012-05-01,,-0.03888498477395175,-2.8999999999999986,-0.6996999999999999,-0.20000000000000018,0.29999999999999893,,-0.75298055,,
2012-06-01,,-0.008774067755300985,-0.19999999999999574,-0.6861999999999999,-0.2999999999999998,-0.09999999999999964,,-0.20021075,,
2012-07-01,,-0.0725350381116302,-0.10000000000000142,-0.7808000000000002,-0.09999999999999964,-0.3000000000000007,,-0.14781966,,
2012-08-01,,-0.09570519618239659,-0.8999999999999986,-0.6133000000000002,-0.3000000000000007,-0.29999999999999893,,0.07401925,,
2012-09-01,,0.054529463500439856,0.5999999999999943,-0.07609999999999983,-0.2999999999999998,0.29999999999999893,,-0.26415892,,
2012-10-01,,0.010286349735890932,0.4000000000000057,0.7987000000000002,0.10000000000000053,0.40000000000000036,,0.18010382,,
2012-11-01,,-0.038249862410566826,0.3999999999999986,0.5562999999999998,0.1999999999999993,0.5,,1.21615905,,
2012-12-01,,0.14105865522174543,0.0,0.25980000000000003,0.40000000000000036,0.20000000000000107,,-0.12537875,,
2013-01-01,,0.034854563691073315,-0.20000000000000284,0.3025,,,,,,
2013-02-01,,-0.017930700266537425,-0.29999999999999716,0.011800000000000033,-0.019999999999999574,-0.40000000000000036,,2.43749346,,
2013-03-01,,-0.059955588452997755,0.7999999999999972,-0.2936000000000001,-1.2300000000000004,-1.0,,-0.36764706,,
2013-04-01,-0.08225806451612905,-0.055118110236220486,-0.29999999999999716,-0.6985000000000001,0.6100000000000003,0.40000000000000036,-1.6799999999999997,-0.21525215,,
2013-05-01,-0.038664323374341,-0.05111111111111111,0.19999999999999574,-0.24829999999999997,0.019999999999999574,-0.10000000000000142,-0.16000000000000014,-0.09244992,,
2013-06-01,-0.038391224862888484,0.021077283372365363,-0.6999999999999957,0.16930000000000023,0.2599999999999998,-0.29999999999999893,0.23000000000000043,0.03084516,,
2013-07-01,0.0066539923954371805,0.044724770642201817,0.19999999999999574,0.4253,0.5600000000000005,0.7999999999999989,0.33999999999999986,0.10278549,,
2013-08-01,0.07082152974504252,0.029912184412733245,0.7000000000000028,0.6461999999999999,1.0999999999999996,0.7000000000000011,1.1799999999999997,-0.10267995,,
2013-09-01,0.002645502645502562,-0.04423128164135359,0.10000000000000142,0.2810999999999999,0.40000000000000036,-0.20000000000000107,-1.7899999999999991,-0.04111419,,
2013-10-01,-0.06068601583113453,0.013660440479509317,0.29999999999999716,-0.1632,0.20000000000000018,0.10000000000000142,-0.40000000000000213,-0.38046272,,
2013-11-01,0.042134831460674205,0.00935093509350926,0.0,0.0829000000000002,0.09999999999999964,-0.3000000000000007,-1.6699999999999982,-0.51610239,,0.010000000000000675
2013-12-01,-0.09703504043126687,-0.027247956403269713,-0.3999999999999986,0.0685,0.0,-0.3000000000000007,-0.3500000000000014,0.86117452,,0.0
2014-01-01,-0.07661691542288562,-0.03221288515406162,-0.5,-0.28370000000000006,,,,,,0.0
2014-02-01,-0.014008620689655138,-0.039652677279305326,-0.29999999999999716,-0.37880000000000025,-3.0,-1.0999999999999996,,-0.30861023,,0.02999999999999936
2014-03-01,-0.08633879781420761,0.003013863773357439,0.09999999999999432,-0.2839999999999998,0.9000000000000004,0.20000000000000107,0.120000000000001,-0.52626148,,0.0
2014-04-01,-0.01794258373205737,-0.03034855769230771,0.10000000000000142,0.29800000000000004,-0.20000000000000018,-0.10000000000000142,-0.6999999999999993,-0.63278008,,0.009999999999999787
2014-05-01,-0.0012180267965895553,-0.05299039355438484,0.3999999999999986,0.5578000000000001,0.0,0.10000000000000142,0.2699999999999996,-0.80384174,,0.0
2014-06-01,-0.018292682926829285,0.00654450261780104,0.20000000000000284,0.3377999999999999,0.09999999999999964,0.3999999999999986,0.9499999999999993,-0.1894338,,-0.009999999999999787
2014-07-01,-0.023602484472049712,-0.002275682704811488,0.7000000000000028,0.2398,-0.39999999999999947,-0.1999999999999993,-2.219999999999999,-0.02108815,,0.0
2014-08-01,0.007633587786259444,-0.04203323558162264,-0.6000000000000014,-0.33499999999999996,-0.9000000000000004,-2.0999999999999996,-2.33,-0.03163889,,0.0
2014-09-01,-0.018939393939393923,-0.13877551020408163,0.0,-0.5958000000000001,-0.10000000000000009,1.0999999999999996,-1.790000000000001,-0.07384745,,0.0
2014-10-01,-0.01158301158301156,0.013033175355450233,-0.30000000000000426,-0.4431999999999998,-0.10000000000000009,-0.2999999999999998,2.4000000000000004,0.04222973,,0.0
2014-11-01,-0.01692708333333337,-0.006627680311890871,-0.5,-0.4500000000000002,-0.09999999999999964,-0.5,-0.5600000000000005,-0.48543689,,-0.25
2014-12-01,-0.019867549668874163,0.018053375196232402,-0.19999999999999574,-0.6223999999999998,0.09999999999999964,0.7000000000000002,-0.7799999999999994,-0.39236479,,0.0
2015-01-01,-0.01756756756756761,-0.037008481110254454,-0.30000000000000426,-1.005,,,,,,0.0
2015-02-01,-0.0013755158184318717,-0.01321056845476376,0.10000000000000142,-0.47740000000000027,-1.2999999999999998,,,-0.17033961,,0.0
2015-03-01,-0.06198347107438018,-0.01379310344827589,0.20000000000000284,0.2373000000000003,-1.7,-2.3000000000000007,0.5500000000000007,-0.70384985,,-0.20999999999999996
2015-04-01,-0.02055800293685761,-0.02714932126696834,0.0,-0.012199999999999989,0.09999999999999998,0.3000000000000007,-3.5500000000000007,-0.59069917,,0.0
2015-05-01,0.03148425787106457,-0.0025369978858350573,0.10000000000000142,-0.03450000000000042,0.20000000000000007,0.1999999999999993,0.33999999999999986,-0.14044944,,-0.25
2015-06-01,-0.015988372093023284,-0.09495548961424327,0.0,-0.20650000000000013,0.19999999999999996,0.7000000000000002,1.6500000000000004,0.21637996,,-0.25
2015-07-01,-0.09305760709010336,-0.0187353629976581,-0.20000000000000284,-0.5556999999999999,-0.5,-0.7999999999999998,-1.6899999999999995,0.43182554,,0.0
2015-08-01,-0.07491856677524433,-0.06825775656324584,-0.29999999999999716,-0.5534999999999997,0.19999999999999996,0.09999999999999964,-0.7700000000000014,0.46221649,,-0.25
2015-09-01,0.005281690140845008,-0.06711065573770492,0.09999999999999432,-0.02230000000000043,-0.19999999999999996,-0.39999999999999947,-2.2799999999999994,-0.06419859,,0.0
2015-10-01,-0.028021015761821366,-0.021416803953871466,0.0,0.04499999999999993,-0.10000000000000009,-0.10000000000000053,2.51,-0.06423983,,-0.25
2015-11-01,-0.08288288288288292,-0.08754208754208759,-0.19999999999999574,0.0,0.0,0.6000000000000005,1.4600000000000009,0.01071352,,0.0
2015-12-01,0.11001964636542239,0.09717097170971711,0.10000000000000142,0.0,-0.19999999999999996,-0.2999999999999998,-3.990000000000001,-0.01071237,,0.0
2016-01-01,-0.017699115044247815,0.01681614349775784,-0.30000000000000426,0.6000000000000005,,,,,,0.0
2016-02-01,0.10270270270270276,0.08544652701212785,-0.3999999999999986,0.39999999999999947,1.5,,,6.25669595,-1.0834176175174295,0.0
2016-03-01,0.0490196078431373,0.08481462671406814,1.2000000000000028,0.6000000000000005,1.2000000000000002,0.8999999999999995,4.3500000000000005,1.11917725,1.3140246283973642,0.0
2016-04-01,0.20482866043613712,0.2078651685393258,-0.10000000000000142,0.8999999999999999,-0.30000000000000027,-0.7999999999999998,-1.08,0.28916143,-1.1868456734941093,0.0
2016-05-01,-0.11700064641241115,-0.23333333333333328,0.0,0.6000000000000001,-0.19999999999999973,0.0,-2.6399999999999997,-0.00994233,-0.19185137508118877,0.0
2016-06-01,0.052708638360175586,0.18149646107178974,-0.10000000000000142,0.19999999999999973,0.0,0.20000000000000018,-0.15000000000000036,0.34801631,0.3502774217252511,0.0
2016-07-01,0.06189151599443665,0.03209242618741981,-0.10000000000000142,0.9000000000000001,0.8999999999999999,-0.20000000000000018,-3.4,-0.55489497,-0.258512819144628,0.0
2016-08-01,0.1257367387033399,-0.008291873963515717,0.5,0.8999999999999999,0.6000000000000001,0.2999999999999998,4.299999999999999,0.03985652,0.6782570088216536,0.0
2016-09-01,0.17684700407213505,-0.05811036789297663,0.0,0.9,0.2999999999999998,-0.20000000000000018,0.8300000000000001,0.13944223,-0.05497638548004824,0.0
2016-10-01,0.291646070192783,0.15401686640035517,0.8000000000000043,1.0999999999999999,0.2999999999999998,0.0,-0.2699999999999996,0.20887209,0.32387189672533356,0.0
2016-11-01,-0.009184845005740572,0.15384615384615374,0.5,2.0999999999999996,0.20000000000000018,0.10000000000000053,0.019999999999999574,0.12903226,0.20220875802212546,0.0
2016-12-01,-0.0907686365392043,-0.044333333333333336,-0.30000000000000426,2.2,0.0,-0.20000000000000018,-2.25,0.13877875,-0.8820143048735117,0.0
2017-01-01,0.0705182667799491,0.17509591907917677,-0.10000000000000142,1.4000000000000004,,,,,0.15842858665168735,0.0
2017-02-01,-0.008333333333333304,0.030276046304541504,0.30000000000000426,0.8999999999999995,1.2999999999999998,,,-0.25737478,0.2486795126994119,0.0
2017-03-01,-0.011604641856742703,-0.09190435033131661,0.19999999999999574,-0.20000000000000018,0.6000000000000005,1.5999999999999996,3.0199999999999996,0.35728464,-0.42702431424899034,0.0
2017-04-01,-0.08744939271255059,-0.011738578680203005,-0.5999999999999943,-1.1999999999999993,-0.20000000000000018,-1.0999999999999996,-1.4099999999999984,0.08900316,0.8921410676902396,0.0
2017-05-01,-0.15794143744454303,-0.006420545746388395,0.0,-0.9000000000000004,-0.2999999999999998,0.0,-0.3000000000000007,-0.02964134,-0.20712609943493976,0.0
2017-06-01,0.1801896733403583,0.08142164781906303,0.5,0.0,-0.10000000000000053,1.0999999999999996,0.9399999999999995,0.19766752,-0.4951235908949245,0.0
2017-07-01,0.19999999999999996,0.1153271586495368,-0.30000000000000426,0.0,0.6000000000000005,-1.1999999999999993,-2.26,0.06904715,1.4203258179904725,0.0
2017-08-01,0.0558035714285714,0.05196892579694623,0.30000000000000426,0.7999999999999998,-0.10000000000000053,-0.40000000000000036,-2.67,0.01971414,-1.475656205493711,0.0
2017-09-01,-0.20084566596194509,-0.05907817672523552,0.6999999999999957,0.6000000000000005,0.10000000000000053,0.5999999999999996,2.37,0.02956539,0.05142628710488273,0.0
2017-10-01,-0.06216931216931221,-0.018132611637347806,-0.7999999999999972,0.0,-0.20000000000000018,-0.39999999999999947,-3.05,0.03940887,0.09701981173439544,0.0
2017-11-01,0.28020686412787965,0.09977949283351717,0.19999999999999574,-1.1000000000000005,-0.20000000000000018,-0.10000000000000053,2.6099999999999994,0.1378767,-0.28833723171398506,0.0
2017-12-01,-0.03562247521116413,-0.0491228070175439,-0.19999999999999574,-0.8999999999999995,0.09999999999999964,0.10000000000000053,-8.059999999999999,0.08851298,-0.17977602177656127,0.0
2018-01-01,-0.014851485148514865,0.03189246178176064,-0.30000000000000426,-0.6000000000000005,,,,,0.13272952366036594,0.0
2018-02-01,0.09199845380749894,0.026819923371647514,-1.0,-0.5999999999999996,6.700000000000001,,,-0.05895647,0.2574737899360219,0.0
2018-03-01,-0.09238938053097345,-0.15646766169154225,1.2000000000000028,-0.6000000000000001,-3.5,-0.20000000000000018,9.42,-0.18680562,-0.34235121331447793,0.0
2018-04-01,-0.09711388455538217,0.05956944854025359,-0.10000000000000142,0.2999999999999998,-0.5,1.0,-1.1100000000000003,-0.12805359,0.531569791752533,0.009999999999999787
2018-05-01,0.07041036717062643,0.028666852212635652,0.5,0.6999999999999997,0.5,-0.20000000000000018,-2.1599999999999997,0.22684683,-0.3843047709691384,0.0
2018-06-01,-0.030669895076674725,0.030032467532467466,-0.3999999999999986,0.6000000000000005,-0.40000000000000036,-0.7999999999999998,1.8400000000000003,0.08856524,-0.055651591485494256,0.0
2018-07-01,-0.0024979184013321776,0.09561334384029418,-0.29999999999999716,-0.10000000000000053,-0.40000000000000036,0.0,-2.75,0.20646937,0.18527013543394288,0.0
2018-08-01,0.04173622704507518,-0.0203788060417166,0.09999999999999432,-0.5,0.0,0.09999999999999964,1.67,0.10792779,0.27692153314531054,0.0
2018-09-01,0.020032051282051322,-0.03475281448849732,-0.5,-0.49999999999999956,-0.09999999999999964,-0.2999999999999998,1.5300000000000002,0.0,-0.11880835148832491,0.0
2018-10-01,0.09426551453260013,0.0463995943204869,-0.5999999999999943,-0.30000000000000027,-0.20000000000000107,0.10000000000000053,1.9100000000000001,-0.03920416,-0.4666142308356337,0.0
2018-11-01,-0.045226130653266305,-0.21104918827235275,-0.20000000000000284,-0.5999999999999996,-0.1999999999999993,-0.5,-0.27000000000000046,-0.01960977,0.22845479741291452,0.0
2018-12-01,-0.1127819548872181,0.045454545454545414,-0.6000000000000014,-1.8000000000000003,0.0,0.2999999999999998,-61.22,-0.09806806,0.43984411291844505,0.0
2019-01-01,0.0754237288135593,0.08901292596944765,0.10000000000000142,-0.8,,,,-1.26631982,0.13481107510679147,0.0
2019-02-01,0.02127659574468077,0.011599676288103655,-0.29999999999999716,0.0,-4.0,,,0.22867369,-0.7069390747421619,0.0
2019-03-01,-0.050154320987654266,0.0021333333333333204,1.2999999999999972,0.30000000000000004,1.0,2.8,55.01,0.19839302,1.055275177240791,0.0
2019-04-01,0.09748172217709183,0.01836083022884516,-0.3999999999999986,0.5,0.09999999999999964,-3.0999999999999996,-1.06,0.12870013,-0.9270443587710865,0.0
2019-05-01,0.02590673575129543,-0.02012019858897307,-0.7000000000000028,-0.30000000000000004,-0.6999999999999993,-0.40000000000000036,-0.32,-0.07909828,0.8582920576766061,0.0
2019-06-01,0.004689754689754633,0.08400000000000007,0.0,-0.6,0.09999999999999964,1.2999999999999998,0.13,0.02968534,-0.03511934375149317,0.0
2019-07-01,0.0050269299820466795,-0.04280442804428042,0.30000000000000426,-0.3,-0.40000000000000036,-1.5,-15.19,0.0,-0.7135656060672433,0.0
2019-08-01,-0.06538049303322613,-0.1390388075044976,-0.20000000000000284,-0.5,-0.1999999999999993,-0.39999999999999947,2.0199999999999996,0.01978435,0.08184534903041607,-0.05999999999999961
2019-09-01,-0.04892966360856266,0.035820895522387985,0.29999999999999716,-0.3999999999999999,0.0,1.3999999999999995,1.5500000000000007,0.11868262,0.026820382647846586,-0.04999999999999982
2019-10-01,-0.006430868167202619,-0.029682997118155585,-0.5,-0.40000000000000013,0.0,-1.0999999999999996,-11.240000000000002,0.04939247,0.01071307724358328,0.0
2019-11-01,-0.007281553398058249,0.07514107514107504,0.9000000000000057,0.20000000000000018,0.09999999999999964,1.5,-40.46,0.01974724,0.13847662464852473,-0.04999999999999982
2019-12-01,-0.050937245313773416,-0.014088397790055218,0.0,0.8999999999999999,0.0,0.7000000000000002,30.340000000000003,-0.029615,0.07635163190207983,0.0
2020-01-01,0.04207814512666386,-0.019333146539646906,-0.20000000000000284,0.6,,,,-0.92821171,-0.304624189730788,0.0
2020-02-01,0.023485784919653918,-0.04714285714285715,-14.299999999999997,-0.5,-12.3,,,-2.87052726,-0.17603194215290907,-0.10000000000000053
2020-03-01,0.014895330112721483,-0.030584707646176934,16.299999999999997,-1.1,1.2999999999999998,-8.0,21.78,0.84145716,0.8471820163714976,0.0
2020-04-01,-0.15192383974613244,0.04144757191463033,-1.2000000000000028,-1.6,1.7999999999999998,5.0,8.649999999999999,0.70214715,0.10562687812309579,-0.19999999999999973
2020-05-01,0.0869971936389149,0.06296406296406287,-0.19999999999999574,-0.6000000000000001,1.9000000000000004,0.5000000000000004,3.1300000000000003,0.50525465,0.004104646769136133,0.0
2020-06-01,0.015920826161790025,-0.003911707180776713,0.29999999999999716,0.7000000000000002,1.4999999999999998,0.39999999999999947,0.15000000000000002,0.46249749,-0.5393636254080609,0.0
2020-07-01,0.033036848792884266,0.059467040673211846,0.20000000000000284,0.6000000000000001,0.6000000000000001,0.0,-5.4399999999999995,0.23018415,-0.006430813110730016,0.0
2020-08-01,0.016400164001640016,0.00052952078369084,-0.10000000000000142,0.3999999999999999,1.2,0.7999999999999998,0.29000000000000004,0.22965552,0.3178451654424732,0.0
2020-09-01,0.025816861637757205,-0.05795183911087587,0.5,-0.10000000000000009,0.8,1.3000000000000007,-0.6600000000000001,0.08965929,-0.25306544489533,0.0
2020-10-01,0.039716869838773095,0.039887640449438155,-0.10000000000000142,0.0,0.5,0.0,-1.12,0.07962576,0.22484123359044128,0.0
2020-11-01,0.07715582450832081,0.05510534846029169,0.7000000000000028,0.6000000000000001,0.7,0.09999999999999964,-22.9,0.0497265,-0.5335994615758535,0.0
2020-12-01,0.1439606741573034,0.12339989759344605,-0.20000000000000284,1.1,0.6000000000000001,0.2999999999999998,37.71,0.2584493,-0.2901309911666714,0.0
2021-01-01,-0.07305095150399021,-0.027575205104831357,-0.6000000000000014,0.7,,,,0.24786833,0.24570132067682593,0.0
2021-02-01,-0.02384105960264904,0.09608624326224513,-0.6999999999999957,1.4,19.099999999999998,,,0.31648699,0.9468663485437421,0.0
2021-03-01,0.1255088195386702,0.05516356638871067,1.2999999999999972,2.7,-1.0,6.8,-9.07,-0.10844918,-1.3222624433857633,0.0
2021-04-01,0.06871609403254975,0.09240121580547123,-0.7999999999999972,2.3999999999999995,-2.099999999999998,-4.299999999999999,-9.11,-0.02960916,-0.052787301083731974,0.0
2021-05-01,-0.0033840947546531774,-0.06751994064181044,-0.10000000000000142,2.2,-1.4000000000000021,-1.0,-10.409999999999998,-0.10859907,0.014116904931640306,0.0
2021-06-01,0.10045274476513866,0.02387109608116167,-0.10000000000000142,-0.1999999999999993,-1.5,-0.5,-5.140000000000001,-0.11860051,0.4547288867082032,0.0
2021-07-01,0.19156595525842124,0.11462988148435982,-0.5,0.1999999999999993,-0.5999999999999996,-1.9000000000000004,22.74,-0.08905601,-0.4321960854232384,0.0
2021-08-01,0.061717738454898585,-0.07477775841031897,-0.29999999999999716,0.5,-1.799999999999999,-1.1000000000000005,-8.510000000000002,-0.14855898,0.19860497366979024,0.0
2021-09-01,0.3376016260162602,0.07498116051243398,-0.5,1.1999999999999993,-0.9000000000000004,-2.1999999999999997,-1.1899999999999995,-0.119024,0.002887272904359528,0.0
2021-10-01,-0.31074304816897125,-0.18576936558009116,-0.3999999999999986,2.8000000000000007,-0.7000000000000011,0.3999999999999999,14.39,-0.12909633,0.32466518618537166,0.0
2021-11-01,-0.16798941798941802,-0.10396039603960394,0.8999999999999986,-0.5999999999999996,-0.7999999999999989,0.2999999999999998,194.01000000000002,-0.11931988,0.05539928310546505,0.0
2021-12-01,0.18097509273979862,0.03651213067499404,0.19999999999999574,-2.5999999999999996,-1.0999999999999996,0.5,-35.81,-0.16923843,0.1607837669374952,-0.050000000000000266
2022-01-01,0.02378281355171641,0.11911935110081107,-0.19999999999999574,-1.200000000000001,,,,-3.45033905,-0.1871727383838213,-0.09999999999999964
2022-02-01,0.1459566074950691,-0.028163180782770803,0.10000000000000142,-0.29999999999999893,-4.500000000000001,,,0.07229911,-0.48453476955156816,0.0
2022-03-01,0.21858864027538716,0.07841466013211162,-0.7000000000000028,-0.5,-0.7999999999999998,0.7000000000000002,-154.24,-0.27866653,0.6734196613502456,0.0
2022-04-01,-0.10467671060891404,-0.029836000790357642,-2.1000000000000014,-0.3000000000000007,-1.6,-7.9,-4.8,-0.79693645,-0.8769516043072199,0.0
2022-05-01,-0.05521472392638038,-0.04602851323828916,2.200000000000003,-1.5999999999999996,-0.8999999999999999,3.5999999999999996,2.8,-0.30255608,0.9532756300459826,0.0
2022-06-01,-0.13042671614100187,-0.0653287788215201,0.6000000000000014,-0.3000000000000007,0.3999999999999999,3.2,1.0200000000000005,-0.21975722,-0.052776448841939994,0.0
2022-07-01,-0.08960955835289097,-0.08725445408862498,-1.2000000000000028,-1.8999999999999995,0.5,-0.10000000000000009,-1.87,-0.12585212,-0.6787095543577467,0.0
2022-08-01,-0.12397468947738455,-0.07982982982982978,0.3999999999999986,-1.9000000000000004,1.0000000000000004,0.40000000000000036,2.8200000000000003,-0.21001785,0.10263049258127799,-0.050000000000000266
2022-09-01,0.12734082397003754,0.03317922219200442,0.7000000000000028,-1.4,-0.40000000000000036,2.0999999999999996,0.08999999999999986,-0.24202883,0.3932933627860774,0.0
2022-10-01,-0.11485524442335071,-0.10581732034745983,-0.8999999999999986,-2.2,-0.20000000000000018,-1.2999999999999998,-2.3900000000000006,-0.14767932,-0.6553114953454535,0.0
2022-11-01,0.19731903485254687,0.10332646452752425,-1.2000000000000028,0.0,-0.2999999999999998,-2.8,-3.5999999999999996,-0.29579548,0.19879702501213137,0.0
2022-12-01,-0.1650246305418719,0.09525080042689438,-1.0,0.6000000000000001,0.10000000000000009,-0.9000000000000001,2.56,-0.07416826,-0.21207148354616423,0.0
2023-01-01,-0.017162778224725117,0.009257003654080442,3.1000000000000014,-0.10000000000000009,,,,0.08482664,0.4194166336738656,0.0
2023-02-01,0.09877216916780363,0.007482500603427367,2.5,-0.5999999999999999,-1.3000000000000003,,,0.21188685,1.626564708954359,0.0
2023-03-01,-0.07623541097591258,-0.0031145184475322996,-0.7000000000000028,-1.1,1.3000000000000003,2.5999999999999996,-3.98,0.04228777,-1.440557526384735,0.0
2023-04-01,-0.2553763440860215,-0.12040374909877438,-2.6999999999999957,-1.1,1.1,1.6999999999999997,-16.66,0.06340484,0.15647095713538772,0.0
2023-05-01,-0.11371841155234652,-0.05382513661202182,-0.4000000000000057,-0.9999999999999996,0.5,-2.0999999999999996,-3.7399999999999984,-0.22177632,-0.7656859145571765,0.0
2023-06-01,0.10061099796334005,0.07450187698527277,0.20000000000000284,-0.8000000000000007,-0.20000000000000018,0.9000000000000004,4.09,-0.51862828,0.26634867080875235,-0.10000000000000009
2023-07-01,0.08216136195410817,0.03386186509002953,0.29999999999999716,1.0,0.20000000000000018,-0.7000000000000002,5.489999999999998,-0.29790403,-0.12467252506042703,0.0
2023-08-01,0.05095759233926134,-0.02781388094619186,0.4000000000000057,1.4000000000000004,-0.20000000000000018,0.7999999999999998,-1.4299999999999997,-0.23476683,0.5764670948959502,-0.09999999999999964
2023-09-01,0.20338431500162701,-0.013368983957219305,0.5,0.5,0.5999999999999996,0.0,1.3800000000000008,-0.12835597,-0.09870284937513896,0.0
2023-10-01,-0.01838831800973495,0.011653116531165297,-0.7000000000000028,-0.10000000000000009,0.20000000000000018,0.09999999999999964,0.27999999999999936,-0.03213023,0.8519017324769413,0.0
2023-11-01,0.1515151515151516,0.04821859094562009,-0.10000000000000142,-0.3999999999999999,0.5,2.0,-3.4399999999999995,0.01071352,-0.7811522513697937,0.0
2023-12-01,-0.09688995215311003,0.022744697163301852,-0.3999999999999986,0.2999999999999998,0.40000000000000036,0.20000000000000018,-4.17,-0.06427424,0.24796788650599333,0.0
2024-01-01,-0.09721854304635758,-0.0332333833083458,0.20000000000000284,0.20000000000000018,,,,-1.17911888,-0.40606408450998543,0.0
2024-02-01,0.051349765258215996,-0.020935642284828138,-0.10000000000000142,-0.20000000000000018,4.3,,,-0.29287341,-0.6064554563465703,0.0
2024-03-01,-0.16969020373988275,-0.09926082365364308,1.6999999999999957,-0.09999999999999964,-1.1999999999999993,-2.3,10.549999999999999,-0.06527415,0.42406629808062957,0.0
2024-04-01,0.21411764705882352,0.07151230949589693,-0.3999999999999986,0.2999999999999998,-0.8000000000000007,2.2,16.26,-0.06531679,-0.9510212866135466,0.0
2024-05-01,-0.07502768549280181,0.013676148796498921,-0.8999999999999986,1.1,-0.40000000000000036,-1.1000000000000005,0.05999999999999961,0.11982571,1.3791042750250215,0.0
2024-06-01,-0.05806644717150555,-0.043712898003237965,0.0,0.5999999999999999,-0.5,-0.2999999999999998,-2.2299999999999995,0.08704167,-0.5449526217399885,0.0
2024-07-01,-0.07149666348903716,-0.06151241534988716,-0.10000000000000142,0.0,-0.39999999999999947,-0.20000000000000018,-7.010000000000001,0.13044896,0.6558323922075713,-0.10000000000000009
2024-08-01,-0.06194387405886381,-0.031268791340950064,-0.29999999999999716,-1.0,0.20000000000000018,-0.5999999999999996,2.85,0.1411356,-0.4668290115256084,0.0
2024-09-01,0.1280554542137906,0.10211049037864672,0.6999999999999957,-0.9999999999999998,0.0,0.9000000000000004,1.8,0.07588899,-0.05875059622548606,0.0
2024-10-01,-0.11901681759379046,-0.03491974091805128,0.30000000000000426,-0.10000000000000009,-0.3000000000000007,-0.10000000000000053,-3.62,0.07583144,-0.14500060875791065,-0.25
2024-11-01,-0.08553597650513955,-0.03180624452874237,0.19999999999999574,0.3999999999999999,-0.5,0.10000000000000053,3.22,0.1407231,0.18275501460893417,0.0
2024-12-01,-0.06824568446407064,-0.002712477396021651,-0.19999999999999574,0.20000000000000018,-0.2999999999999998,0.7999999999999998,12.02,0.04323857,0.5209170769456856,0.0
2025-01-01,-0.021973287376131023,0.022061045633121834,-1.0,0.0,,,,0.76715289,-0.379574446153635,0.0
2025-02-01,-0.03700440528634363,-0.01596688350088704,1.1000000000000014,0.09999999999999964,-5.5,,,0.48252198,0.4030308872820567,0.0
2025-03-01,-0.09560841720036595,-0.05078125,0.29999999999999716,-0.2999999999999998,1.2,1.5,-12.19,0.19208195,-0.2729729956062865,0.0
2025-04-01,-0.058674759736975224,-0.019943019943019946,-1.5,-0.20000000000000018,0.6000000000000001,-1.6000000000000005,-1.63,-0.10650762,-18.84750026961653,0.0
2025-05-01,-0.21977431488447075,-0.043604651162790664,0.5,-0.5999999999999996,0.2999999999999998,-0.2999999999999998,-0.41999999999999993,-0.13860753,18.738070280960837,-0.10000000000000009
2025-06-01,0.13636363636363646,0.012158054711246091,0.20000000000000284,-0.30000000000000027,0.30000000000000027,1.0,-1.89,-0.11744608,0.170504861189529,0.0
2025-07-01,0.37575757575757573,0.06940273606940273,-0.4000000000000057,0.0,0.7999999999999998,-1.0999999999999996,-5.08,-0.26723677,0.186192256373773,0.0
2025-08-01,0.014096916299559448,-0.01404056162246492,0.10000000000000142,0.7000000000000002,0.09999999999999964,-0.5,-3.0600000000000005,-0.28938907,-0.620885484577769,0.0
2025-09-01,-0.021720243266724615,-0.027848101265822822,0.3999999999999986,0.6000000000000001,0.0,1.2999999999999998,0.9100000000000001,-0.29022896,0.09170777876271519,0.0
2025-10-01,0.1420959147424512,0.01106770833333326,-0.7999999999999972,0.19999999999999973,0.5,-1.5999999999999996,-7.109999999999999,-0.3665373,-0.35875164798604153,0.0
2025-11-01,-0.1702954898911353,0.0012878300064391723,0.20000000000000284,-0.10000000000000009,0.10000000000000053,-0.10000000000000053,-2.0700000000000003,-0.57346895,0.49115818381580867,0.0
2025-12-01,0.04498594189315841,0.0038585209003214604,0.8999999999999986,0.30000000000000027,-0.20000000000000018,0.40000000000000036,2.379999999999999,-0.47883339,-0.2959654469988189,0.0
2026-01-01,0.03632286995515699,0.0019218449711724261,-0.8000000000000043,0.5,,,,,0.24886186071361105,0.0
2026-02-01,-0.05365642578970142,-0.019501278772378505,-0.29999999999999716,0.4999999999999999,1.0999999999999996,,,,0.044206813993134864,0.0
2026-03-01,0.050297210791037994,0.017606781871535748,1.3999999999999986,1.4,-0.8999999999999995,0.5,14.09,,-0.18143048573724208,0.0
2026-04-01,0.12059207662168037,0.029798141621275143,-0.10000000000000142,2.3,0.20000000000000018,-1.6000000000000005,-10.89,,-0.34760091255149506,0.0
2026-05-01,-0.0011655011655011815,-0.017423771001866872,-0.29999999999999716,1.1,0.2999999999999998,0.40000000000000036,-5.139999999999999,,,0.0
2026-06-01,-0.00388953714507978,-0.02216592780240656,0.29999999999999716,0.19999999999999973,-0.40000000000000036,0.7999999999999998,1.549999999999999,,,0.0
2026-07-01,-0.07770402186645842,-0.02720207253886009,-1.0999999999999943,-0.5999999999999996,-0.5999999999999996,-0.7999999999999998,1.4100000000000001,,,0.0
2026-08-01,0.46401354784081295,0.06424766977363516,0.5999999999999943,,,,,,,0.0
2026-09-01,-0.037883169462116784,-0.01720362840162648,,,,,,,,
